https://guillaumebriday.netlify.com/* https://guillaumebriday.fr/:splat 301!

# ----------------------------------------------------------------------
# Page redirects                                                       |
# ----------------------------------------------------------------------

/amazon https://www.amazon.fr/?tag=guillaumebrid-21 301
/lab/pixel https://guillaumebriday.github.io/dpi.js/ 301
/coinbase https://www.coinbase.com/join/59abd8d4e7be8202c8825dc1 301
/vide-grenier https://www.leboncoin.fr/profil/d5dbd05d-d6ca-4113-ac09-08d3e57ded66/offres/ 301

/blog / 301
/Blog / 301
/author/ziiceagle/ / 301
/index.php / 301
/Guillaume/About.php /a-propos/ 301
/about/ /a-propos/ 301

# ----------------------------------------------------------------------
# Posts redirects                                                       |
# ----------------------------------------------------------------------

/tutoriel/2016/11/07/comment-jutilise-git-mes-astuces-et-bonnes-pratiques.html /comment-jutilise-git-mes-astuces-et-bonnes-pratiques 301
/2016/11/07/comment-jutilise-git-mes-astuces-et-bonnes-pratiques/ /comment-jutilise-git-mes-astuces-et-bonnes-pratiques 301

/2017/04/09/comment-je-sauvegarde-mes-donnees/ /comment-je-sauvegarde-mes-donnees 301
/2016/08/10/astuce-changement-rapidement-de-fenetres-dune-meme-application/ /changer-de-fenetres-d-une-meme-application-sur-macOS 301

/configurer-un-routeur-synology /configurer-un-routeur-synology-rt1900ac-avec-une-livebox-orange 301

/web/2017/04/29/blend-web-mix-2016.html /prise-de-notes-blend-web-mix-2016 301

/2016/11/18/un-mac-pour-le-prix-de-deux/ /un-mac-pour-le-prix-de-deux 301
/about/public/CV.pdf /assets/CV-Guillaume-Briday.pdf 301

/comment-jutilise-git /comment-jutilise-git-mes-astuces-et-bonnes-pratiques 301

/2016/08/01/configurer-un-routeur-synology-rt1900ac-avec-un-livebox-orange/ /configurer-un-routeur-synology-rt1900ac-avec-une-livebox-orange 301
/2016/08/01/configurer-un-routeur-synology-rt1900ac-avec-une-livebox-orange/ /configurer-un-routeur-synology-rt1900ac-avec-une-livebox-orange 301
/configurer-un-routeur-synology-rt1900ac /configurer-un-routeur-synology-rt1900ac-avec-une-livebox-orange 301
/presentation/tutoriel/2016/08/01/configurer-un-routeur-synology-rt1900ac-avec-une-livebox-orange.html /configurer-un-routeur-synology-rt1900ac-avec-une-livebox-orange 301

/2016/06/18/installer-ruby-on-rails-5-avec-docker-et-un-nas-synology/ /ruby-on-rails-installation-sur-un-nas-synology-avec-docker 301
/installer-ruby-on-rails-5-avec-docker-et-un-nas-synology /ruby-on-rails-installation-sur-un-nas-synology-avec-docker 301
/tutoriel/web/rails/2016/06/18/installer-ruby-on-rails-5-avec-docker-et-un-nas-synology.html /ruby-on-rails-installation-sur-un-nas-synology-avec-docker 301

/rails-5-authentification-avec-token /ruby-on-rails-authentification-avec-token 301
/2016/07/22/rails-5-authentification-avec-token/ /ruby-on-rails-authentification-avec-token 301

/rails-recherche-avec-elasticsearch-ansible-et-vagrant /ruby-on-rails-recherche-avec-elasticsearch-ansible-et-vagrant 301
/2016/07/28/rails-recherche-avec-elasticsearch-ansible-et-vagrant/ /ruby-on-rails-recherche-avec-elasticsearch-ansible-et-vagrant 301

/2016/05/15/installer-ruby-on-rails-5-0-rpi-3/ /ruby-on-rails-installation-sur-un-raspberry-pi-3 301
/installer-ruby-on-rails-5-0-rpi-3 /ruby-on-rails-installation-sur-un-raspberry-pi-3 301

/blend-web-mix-2015 /prise-de-notes-blend-web-mix-2015 301
/blend-web-mix-2016 /prise-de-notes-blend-web-mix-2016 301

/astuce-changement-rapidement-de-fenetres-dune-meme-application /changer-de-fenetres-d-une-meme-application-sur-macOS 301

# ----------------------------------------------------------------------
# Photos redirects                                                       |
# ----------------------------------------------------------------------

/photos/DSC3180 /photos/ 301
/photos/DSC4550 /photos/ 301
/photos/DSC7515 /photos/ 301
/photos/DSC5432 /photos/ 301
/photos/DSC5759 /photos/ 301
/photos/DSC6329 /photos/ 301
/photos/DSC6032 /photos/ 301
/photos/DSC2364 /photos/ 301
/photos/DSC4418 /photos/ 301
/photos/DSC4136 /photos/ 301
/photos/DSC2758 /photos/ 301
/photos/DSC6577 /photos/ 301
/photos/DSC2804 /photos/ 301
/photos/DSC4623 /photos/ 301
/photos/DSC4546 /photos/ 301
/photos/DSC5390 /photos/ 301
/photos/DSC1030 /photos/ 301
/photos/DSC5319 /photos/ 301
/photos/DSC6941 /photos/ 301
/photos/DSC4551 /photos/ 301
/photos/DSC1330 /photos/ 301
/photos/DSC7665 /photos/ 301
/photos/DSC6330 /photos/ 301
/photos/DSC1131 /photos/ 301
/photos/DSC7453 /photos/ 301
/photos/DSC3465 /photos/ 301
/photos/DSC0820 /photos/ 301
/photos/DSC5582 /photos/ 301
/photos/DSC3953 /photos/ 301
/photos/DSC2357 /photos/ 301
/photos/DSC5650 /photos/ 301
/photos/DSC7400 /photos/ 301
/photos/DSC4154 /photos/ 301
/photos/DSC1130 /photos/ 301
/photos/DSC7506 /photos/ 301
/photos/DSC2365 /photos/ 301
/photos/DSC4931 /photos/ 301
/photos/DSC1333 /photos/ 301
/photos/DSC1031 /photos/ 301
/photos/DSC2682 /photos/ 301
/photos/DSC2330 /photos/ 301
/photos/DSC3276 /photos/ 301
/photos/DSC7517 /photos/ 301
/photos/DSC3273 /photos/ 301

# ----------------------------------------------------------------------
# | Custom error messages/pages                                        |
# ----------------------------------------------------------------------

/* /404 404
